Win Rate,Avg Profit,Total Profit,Trade Count
1.0,19.748828630166173,44.3882887882678,154
