Win Rate,Avg Profit,Total Profit,Trade Count
1.0,0.4527981054513476,20.512002709522594,145
