Win Rate,Avg Profit,Total Profit,Trade Count
0.5,-3.2977632856120405,24.593520878025092,143
