Win Rate,Avg Profit,Total Profit,Trade Count
0.14285714285714285,-0.7715102034949185,-1.3223638373219555,73
