Win Rate,Avg Profit,Total Profit,Trade Count
0.5555555555555556,0.5486389200449602,3.615386443082685,82
