Win Rate,Avg Profit,Total Profit,Trade Count
0.0,-12.316054592080004,-12.316054592080004,1
