Win Rate,Avg Profit,Total Profit,Trade Count
1.0,3.398688140321247,-3.7806585036715488,111
