Win Rate,Avg Profit,Total Profit,Trade Count
0.0,-4.534316273953845,20.059204604071248,144
