Win Rate,Avg Profit,Total Profit,Trade Count
0.0,-0.6000509665166766,2.5369787303738467,97
