Win Rate,Avg Profit,Total Profit,Trade Count
0.5555555555555556,0.28951612669413396,4.078207587142473,66
