Win Rate,Avg Profit,Total Profit,Trade Count
1.0,1.5372830546604501,10.030698497228121,5
