Win Rate,Avg Profit,Total Profit,Trade Count
0.0,-1.6523814169039697,3.137029696890523,96
