Win Rate,Avg Profit,Total Profit,Trade Count
0.6666666666666666,0.7051017287724771,6.719186809180872,149
