Win Rate,Avg Profit,Total Profit,Trade Count
1.0,5.318586461782534,-5.6165043830085315,102
