Win Rate,Avg Profit,Total Profit,Trade Count
1.0,0.2376207230060743,26.25137983961048,140
