Win Rate,Avg Profit,Total Profit,Trade Count
0.0,-6.651167422478174,-38.15566385663323,13
