Win Rate,Avg Profit,Total Profit,Trade Count
0.0,-1.5086638990945729,-29.9232366734034,7
