Win Rate,Avg Profit,Total Profit,Trade Count
0.0,-2.442596509492716,-26.90590887521426,5
