Win Rate,Avg Profit,Total Profit,Trade Count
1.0,3.055698422505286,6.111396845010572,2
