Win Rate,Avg Profit,Total Profit,Trade Count
0.14285714285714285,-0.7087900573293586,-10.578034784314042,109
