Win Rate,Avg Profit,Total Profit,Trade Count
0.6111111111111112,1.5097306357420053,23.394492939684547,129
