Win Rate,Avg Profit,Total Profit,Trade Count
1.0,16.97847321367557,-35.36812085183281,16
