Win Rate,Avg Profit,Total Profit,Trade Count
0.6666666666666666,-0.6175117381134978,1.7628512287421918,85
