Win Rate,Avg Profit,Total Profit,Trade Count
0.5,-2.909716067444907,24.639460158101627,153
