Win Rate,Avg Profit,Total Profit,Trade Count
1.0,4.937667609638696,31.189047449249173,141
