Win Rate,Avg Profit,Total Profit,Trade Count
1.0,1.1910092987785492,8.49341544256767,4
