Win Rate,Avg Profit,Total Profit,Trade Count
0.0,-4.049085924547178,-24.463312365721542,4
