Win Rate,Avg Profit,Total Profit,Trade Count
1.0,11.974446348318654,18.693633157499526,150
