Win Rate,Avg Profit,Total Profit,Trade Count
1.0,11.765259135491913,30.45889229299144,151
