Win Rate,Avg Profit,Total Profit,Trade Count
0.6785714285714286,1.3195288242832193,-1.1330826933519382,48
