Win Rate,Avg Profit,Total Profit,Trade Count
0.0,-5.150733879321625,-1.6107997959034188,87
