Win Rate,Avg Profit,Total Profit,Trade Count
0.4,-0.31625195215033103,-31.504496434155058,12
