Win Rate,Avg Profit,Total Profit,Trade Count
0.4,2.2714710320819647,9.746555364506403,92
