Win Rate,Avg Profit,Total Profit,Trade Count
0.6,0.2619266176919862,26.013759116604405,139
