Win Rate,Avg Profit,Total Profit,Trade Count
0.0,-10.788120036318132,-8.251141305944286,98
