Win Rate,Avg Profit,Total Profit,Trade Count
0.5,-0.6779422303623144,-38.07988977328207,20
