Win Rate,Avg Profit,Total Profit,Trade Count
0.0,-1.9236042073106454,-40.07926806394388,14
