Win Rate,Avg Profit,Total Profit,Trade Count
0.0,-15.908121086659154,4.60388162286344,146
