Win Rate,Avg Profit,Total Profit,Trade Count
1.0,1.7770828546760145,3.5399340834182063,86
